Jogador,Posição em quadra,Jogo,Min em quadra,Centesimos de minutos,Pontos,Cesta de 3 pts,Cesta de 2 pts,Lances Livres,Rebotes,Rebotes Ofensivos,Rebotes Defensivos,Assistências,Erros,índice de ass. por erro,Arremessos de 3 pts certos,Arremessos de 3 pts tentados,Cesta de 3 (%),Arremessos de 2 pts certos,Arremessos de 2 pts tentados,Arremessos 2 pts convertidos (%),Lances Livres Certos,Lances Livres Tentados,Lances Livres Convertidos (%),Enterradas,Bolas Recuperadas,Índice de bolas recuperadas por erro,Tocos,Faltas Cometidas,índice de tocos por faltas cometidas,Total de erros (soma de erros e violações),Violações,Eficiência,Duplos Duplos,Triplos Duplos
McClanahan #22,Ala,32,34,50,21.44,6.19,11.06,4.19,3.59,0.69,2.91,1.75,2.31,0.76,6.72,02.06,30.70,5.53,10.09,54.80,4.19,6.22,67.34,0.16,01.09,0.47,0.19,2.69,0.07,2.31,0.50,14.50,0.00,0.00
Ruivo #4,Armador,38,33,28,10.55,5.92,2.26,2.37,2.82,2.82,2.45,7.13,1.76,04.04,5.34,1.97,36.95,1.13,2.68,42.16,2.37,2.82,84.11,0.00,0.92,0.52,0.03,1.29,0.02,1.76,0.11,14.32,0.13,0.00
Humberto #19,Ala,32,33,28,12.63,05.06,4.75,2.81,4.50,4.50,3.50,02.06,2.25,0.92,5.53,1.69,30.51,2.38,5.56,42.70,2.81,04.06,69.23,0.06,1.22,0.54,0.25,2.38,0.11,2.25,0.19,10.13,0.03,0.00
Gemadinha #35,Ala/Armador,32,33,5,16.94,8.53,4.81,3.59,3.41,3.41,2.75,3.88,2.44,1.59,8.16,2.84,34.87,2.41,5.91,40.74,3.59,4.38,82.14,0.00,01.03,0.42,0.03,3.00,0.01,2.44,0.38,13.25,0.00,0.00
Simms #1,Armador,31,33,4,13.97,6.68,3.94,3.35,3.58,3.58,03.03,1.61,1.58,01.02,6.29,2.23,35.38,1.97,4.48,43.88,3.35,4.13,81.25,0.32,1.35,0.86,0.16,1.55,0.10,1.58,0.23,11.74,0.00,0.00
Jonatan #50,Ala/Armador,24,32,43,14.63,6.50,5.92,2.21,2.83,2.83,2.00,02.08,1.63,1.28,5.38,2.17,40.31,2.96,5.79,51.08,2.21,2.50,88.33,0.00,0.92,0.56,0.00,1.38,0.00,1.63,0.29,12.50,0.00,0.00
Antonio #11,Ala/Pivô,38,32,13,17.55,5.68,8.58,3.29,4.84,4.84,3.16,1.29,2.00,0.64,5.00,1.89,37.89,4.29,7.95,53.97,3.29,4.66,70.62,0.26,0.84,0.42,0.26,2.71,0.10,2.00,0.34,14.66,0.05,0.00
Thomas #0,Ala,34,32,0,17.00,4.94,8.24,3.82,4.79,4.79,4.26,3.88,3.82,01.02,4.82,1.65,34.15,4.12,7.79,52.83,3.82,5.21,73.45,0.56,1.15,0.30,0.38,2.41,0.16,3.82,0.65,15.15,0.03,0.00
Georginho #14,Ala/Armador,47,31,98,14.47,5.11,5.40,3.96,8.26,8.26,7.23,6.15,03.06,02.01,4.70,1.70,36.20,2.70,4.91,54.98,3.96,5.11,77.50,0.30,0.98,0.32,0.64,1.55,0.41,03.06,0.13,21.06,0.32,0.04
Lucas Dias #9,Ala/Pivô,38,31,55,17.29,6.16,8.79,2.34,7.42,7.42,5.63,2.42,1.87,1.30,05.08,02.05,40.41,4.39,7.34,59.86,2.34,03.03,77.39,0.37,0.79,0.42,0.53,2.13,0.25,1.87,0.18,19.92,0.24,0.03
Pedro #9,Ala,34,31,34,9.85,4.24,04.06,1.56,3.47,3.47,3.12,2.59,02.06,1.26,5.44,1.41,25.95,02.03,4.50,45.10,1.56,2.29,67.95,0.00,1.59,0.77,0.18,2.44,0.07,02.06,0.47,8.38,0.00,0.00
Pedro #9,Ala,34,31,34,9.85,4.24,04.06,1.56,3.47,3.47,3.12,2.59,02.06,1.26,5.44,1.41,25.95,02.03,4.50,45.10,1.56,2.29,67.95,0.00,1.59,0.77,0.18,2.44,0.07,02.06,0.47,8.38,0.00,0.00
Alex #10,Ala,37,30,91,13.11,5.92,5.30,1.89,4.86,4.86,4.32,4.41,2.14,02.06,5.95,1.97,33.18,2.65,4.59,57.65,1.89,2.70,70.00,0.03,1.24,0.58,0.19,2.65,0.07,2.14,0.16,14.95,0.05,0.00
Sheard #3,Ala,26,30,79,12.46,6.69,3.31,2.46,1.85,1.85,1.35,3.62,3.19,1.13,6.58,2.23,33.92,1.65,3.23,51.19,2.46,2.88,85.33,0.00,1.00,0.31,0.04,2.88,0.01,3.19,0.38,9.42,0.00,0.00
Miller #33,Ala,41,30,55,15.17,9.73,3.27,2.17,4.22,4.22,3.66,1.66,1.49,1.11,7.49,3.24,43.32,1.63,03.05,53.60,2.17,2.71,80.18,0.07,0.88,0.59,0.32,2.12,0.15,1.49,0.27,14.56,0.02,0.00
Rashaun #17,Ala/Armador,29,30,30,13.24,9.10,2.21,1.93,4.34,4.34,3.83,1.86,1.72,01.08,7.90,03.03,38.43,1.10,2.24,49.23,1.93,2.38,81.16,0.03,0.79,0.46,0.14,2.72,0.05,1.72,0.28,12.21,0.07,0.00
Munford #14,Ala,38,30,21,15.61,04.03,8.32,3.26,07.08,07.08,5.29,1.66,1.24,1.34,4.21,1.34,31.88,4.16,8.16,50.97,3.26,3.87,84.35,0.03,0.71,0.57,0.26,2.13,0.12,1.24,0.13,16.61,0.21,0.00
Elinho #5,Armador,43,30,17,08.07,4.81,2.79,0.47,4.14,4.14,3.58,7.19,2.42,2.97,4.51,1.60,35.57,1.40,3.33,41.96,0.47,0.67,68.97,0.00,1.65,0.68,0.07,2.28,0.03,2.42,0.14,13.65,0.14,0.02
Figueredo #91,Armador,35,30,15,14.23,7.29,4.69,2.26,04.03,04.03,3.43,6.37,2.60,2.45,06.06,2.43,40.09,2.34,4.43,52.90,2.26,2.66,84.95,0.00,1.00,0.38,0.14,2.14,0.07,2.60,0.26,17.06,0.11,0.00
David Jackson #32,Ala/Armador,47,30,13,13.81,3.70,7.57,2.53,04.02,04.02,3.21,3.15,01.06,2.96,2.83,1.23,43.61,3.79,6.45,58.75,2.53,2.85,88.81,0.00,0.94,0.88,0.09,1.87,0.05,01.06,0.15,16.36,0.00,0.00
Johnson Sr #22,Ala,36,30,11,16.14,5.42,6.72,4.00,4.17,4.17,3.58,4.19,2.14,1.96,4.42,1.81,40.88,3.36,6.11,55.00,4.00,4.97,80.45,0.22,0.81,0.38,0.28,2.42,0.11,2.14,0.31,17.11,0.03,0.00
Gemerson #6,Ala/Pivô,39,30,3,11.38,05.08,4.82,1.49,5.18,5.18,3.72,1.10,1.15,0.96,4.69,1.69,36.07,2.41,4.64,51.93,1.49,2.00,74.36,0.05,0.79,0.69,0.05,3.33,0.02,1.15,0.15,11.62,0.08,0.00
Fuzaro #9,Ala,39,29,67,11.69,3.23,6.31,2.15,4.18,4.18,3.49,03.08,1.95,1.58,3.26,01.08,33.07,3.15,5.79,54.42,2.15,2.87,75.00,0.26,1.51,0.78,0.26,2.85,0.09,1.95,0.36,13.23,0.05,0.00
Scheuer #14,Ala,28,29,61,9.89,3.54,5.00,1.36,6.11,6.11,4.46,1.32,1.75,0.76,3.36,1.18,35.11,2.50,4.86,51.47,1.36,2.14,63.33,0.79,0.57,0.33,0.39,2.29,0.17,1.75,0.21,11.21,0.11,0.00
Enzo #30,Ala,16,29,50,13.13,7.88,3.25,2.00,4.50,4.50,3.56,2.50,1.50,1.67,7.50,2.63,35.00,1.63,3.50,46.43,2.00,2.50,80.00,0.00,0.75,0.50,0.06,2.38,0.03,1.50,0.13,12.19,0.06,0.00
Lessa #32,Ala/Armador,32,29,43,10.22,4.59,3.88,1.75,3.38,3.38,2.66,4.63,2.69,1.72,4.28,1.53,35.77,1.94,4.56,42.47,1.75,2.47,70.89,0.00,1.13,0.42,0.00,2.19,0.00,2.69,0.28,10.56,0.03,0.00
Roque #77,Armador,35,29,26,15.51,05.06,7.60,2.86,4.00,4.00,3.31,3.89,3.20,1.21,5.80,1.69,29.06,3.80,7.57,50.19,2.86,4.20,68.03,0.00,1.40,0.44,0.03,2.66,0.01,3.20,0.57,12.40,0.00,0.00
Dos Santos #0,Ala/Pivô,20,29,19,13.55,3.30,7.70,2.55,6.35,6.35,4.45,1.55,2.55,0.61,3.00,1.10,36.67,3.85,7.20,53.47,2.55,4.30,59.30,0.60,01.05,0.41,0.45,3.45,0.13,2.55,0.55,13.40,0.10,0.00
Cuello #44,Ala,37,29,2,11.78,5.76,4.54,1.49,3.76,3.76,2.51,3.38,1.38,2.45,4.59,1.92,41.76,2.27,04.08,55.63,1.49,1.92,77.46,0.00,0.70,0.51,0.14,1.38,0.10,1.38,0.19,13.46,0.03,0.00
Bennett #3,Ala/Armador,44,29,0,13.59,1.36,9.77,2.45,2.66,2.66,1.84,2.82,1.36,02.07,1.73,0.45,26.32,4.89,7.57,64.56,2.45,03.07,80.00,0.00,01.07,0.78,0.02,2.27,0.01,1.36,0.20,14.23,0.00,0.00
Mãozinha #45,Ala/Pivô,32,28,98,11.22,1.50,08.06,1.66,9.75,9.75,7.38,0.78,0.78,1.00,1.47,0.50,34.04,04.03,5.63,71.67,1.66,2.72,60.92,1.94,1.00,1.28,1.16,2.66,0.44,0.78,0.16,19.50,0.47,0.00
Gui Abreu #33,Ala,37,28,91,12.11,2.92,6.81,2.38,5.46,5.46,3.41,1.89,0.92,02.06,3.32,0.97,29.27,3.41,6.00,56.76,2.38,03.08,77.19,0.38,1.16,1.26,0.22,1.76,0.12,0.92,0.11,14.27,0.03,0.00
Ruan #8,Pivô,31,28,78,15.39,0.29,12.13,2.97,8.00,8.00,5.10,1.00,2.42,0.41,0.35,0.10,27.27,06.06,9.65,62.88,2.97,5.23,56.79,1.42,0.52,0.21,0.77,2.16,0.36,2.42,0.68,17.16,0.19,0.00
Gaskins #2,Armador,37,28,69,12.73,6.16,4.27,2.30,3.43,3.43,2.89,2.68,1.95,1.38,5.19,02.05,39.58,2.14,4.92,43.41,2.30,2.78,82.52,0.00,0.59,0.31,0.00,2.62,0.00,1.95,0.32,11.08,0.00,0.00
Von Haydin #30,Ala,30,28,42,10.37,5.20,4.27,0.90,4.70,4.70,3.17,2.47,1.90,1.30,5.83,1.73,29.71,2.13,3.57,59.81,0.90,1.13,79.41,0.00,01.07,0.56,0.07,1.20,0.06,1.90,0.37,11.00,0.03,0.00
Alexey #4,Armador,38,28,40,13.32,4.97,5.68,2.66,4.39,4.39,3.68,6.45,2.16,2.99,3.84,1.66,43.15,2.84,4.82,59.02,2.66,3.24,82.11,0.00,01.08,0.50,0.05,1.89,0.03,2.16,0.26,18.39,0.13,0.00
Renan #44,Armador,37,28,36,11.70,5.84,4.22,1.65,5.22,5.22,3.70,1.46,1.00,1.46,5.43,1.95,35.82,2.11,3.62,58.21,1.65,1.95,84.72,0.70,0.54,0.54,0.65,2.11,0.31,1.00,0.19,13.27,0.03,0.00
Renato #15,Pivô,35,27,97,12.03,02.06,7.66,2.31,6.14,6.14,3.89,2.71,2.43,1.12,2.37,0.69,28.92,3.83,6.71,57.02,2.31,3.14,73.64,0.43,0.77,0.32,0.23,2.26,0.10,2.43,0.23,14.06,0.11,0.00
Aguerre #27,Pivô,28,27,85,13.36,5.89,5.71,1.75,5.46,5.46,04.04,1.71,1.61,01.07,4.54,1.96,43.31,2.86,5.25,54.42,1.75,2.36,74.24,0.32,0.93,0.58,0.79,1.86,0.42,1.61,0.54,15.07,0.00,0.00
Augusto #5,Ala/Armador,32,27,83,14.44,7.50,4.13,2.81,3.66,3.66,2.84,3.22,1.63,1.98,6.66,2.50,37.56,02.06,4.88,42.31,2.81,3.59,78.26,0.00,1.13,0.69,0.06,2.38,0.03,1.63,0.13,13.13,0.03,0.00
Williams #1,Ala,14,27,81,12.00,3.21,6.43,2.36,2.21,2.21,1.86,0.71,1.00,0.71,2.71,01.07,39.47,3.21,7.29,44.12,2.36,3.29,71.74,0.64,0.86,0.86,0.07,1.86,0.04,1.00,0.29,8.21,0.00,0.00
Vithinho #0,Armador,32,27,68,7.69,2.72,4.13,0.84,3.63,3.63,03.06,4.91,2.00,2.45,3.75,0.91,24.17,02.06,4.41,46.81,0.84,1.19,71.05,0.00,1.16,0.58,0.03,2.38,0.01,2.00,0.16,9.88,0.13,0.00
Tyrone #0,Ala/Pivô,15,27,62,12.67,5.20,5.33,2.13,5.13,5.13,3.93,02.07,02.07,1.00,6.00,1.73,28.89,2.67,4.60,57.97,2.13,2.93,72.73,0.20,1.53,0.74,0.27,2.73,0.10,02.07,0.07,12.60,0.00,0.00
Materan #10,Ala,26,27,52,12.58,6.81,4.69,01.08,4.12,4.12,3.58,2.23,1.81,1.23,5.65,2.27,40.14,2.35,4.23,55.45,01.08,2.23,48.28,0.00,0.81,0.45,0.15,2.65,0.06,1.81,0.42,11.65,0.00,0.00
Harris #23,Ala,27,27,51,12.26,4.11,5.78,2.37,4.59,4.59,3.48,2.59,2.67,0.97,4.56,1.37,30.08,2.89,06.07,47.56,2.37,3.00,79.01,0.22,1.41,0.53,0.63,2.30,0.27,2.67,0.74,11.81,0.04,0.00
Davi #5,Armador,25,27,29,8.24,04.08,3.12,01.04,4.36,4.36,3.52,3.60,2.00,1.80,04.04,1.36,33.66,1.56,3.68,42.39,01.04,2.36,44.07,0.00,01.04,0.52,0.00,2.48,0.00,2.00,0.00,9.12,0.00,0.00
Cassiano #7,Armador,32,27,27,11.00,3.66,5.44,1.91,3.41,3.41,2.44,3.88,1.81,2.14,03.03,1.22,40.21,2.72,5.94,45.79,1.91,2.66,71.76,0.00,01.06,0.59,0.03,2.69,0.01,1.81,0.41,11.78,0.03,0.00
Lucas Mariano #28,Pivô,44,27,24,17.07,6.61,7.50,2.95,5.50,5.50,04.07,1.52,1.68,0.91,6.36,2.20,34.64,3.75,6.34,59.14,2.95,3.98,74.29,0.61,0.82,0.49,0.32,1.91,0.17,1.68,0.14,15.77,0.07,0.00
Arthur #36,Ala/Pivô,33,27,19,11.79,4.55,5.58,1.67,04.06,04.06,2.88,0.91,1.55,0.59,3.52,1.52,43.10,2.79,6.45,43.19,1.67,2.42,68.75,0.06,0.85,0.55,0.21,02.06,0.10,1.55,0.21,9.85,0.03,0.00
Jimmy #18,Ala/Armador,39,27,14,10.00,4.85,4.67,0.49,3.23,3.23,2.54,1.36,1.26,01.08,4.36,1.62,37.06,2.33,4.67,50.00,0.49,0.67,73.08,0.10,0.92,0.73,0.08,1.74,0.04,1.26,0.15,09.08,0.00,0.00
Maique #35,Pivô,33,26,71,12.06,3.36,7.21,1.48,6.27,6.27,4.30,01.03,1.42,0.72,2.73,1.12,41.11,3.61,5.24,68.79,1.48,1.70,87.50,0.91,0.42,0.30,1.00,3.18,0.31,1.42,0.39,15.91,0.09,0.00
Machuca #8,Armador,36,26,59,11.00,6.33,2.22,2.44,2.78,2.78,2.36,4.22,1.86,2.27,5.11,2.11,41.30,1.11,2.25,49.38,2.44,2.81,87.13,0.00,1.17,0.63,0.00,02.08,0.00,1.86,0.31,12.81,0.00,0.00
Fischer #5,Armador,37,26,56,11.86,4.70,4.32,2.84,3.68,3.68,3.32,4.70,02.08,2.26,4.46,1.57,35.15,2.16,04.03,53.69,2.84,3.68,77.21,0.00,0.84,0.40,0.00,02.05,0.00,02.08,0.11,13.41,0.08,0.00
Gadson #23,Ala/Pivô,8,26,48,14.25,5.63,7.00,1.63,4.75,4.75,4.00,2.75,2.50,1.10,3.13,1.88,60.00,3.50,5.50,63.64,1.63,1.75,92.86,0.00,0.63,0.25,0.13,1.75,0.07,2.50,0.88,16.63,0.00,0.00
André Goes #40,Ala,32,26,45,10.09,4.31,3.88,1.91,4.31,4.31,3.75,4.28,1.84,2.32,4.50,1.44,31.94,1.94,4.63,41.89,1.91,2.28,83.56,0.00,1.13,0.61,0.19,02.03,0.09,1.84,0.13,12.03,0.00,0.00
Da Silva #7,Ala,31,26,11,11.81,2.32,7.42,02.06,6.68,6.68,4.81,0.65,1.52,0.43,02.06,0.77,37.50,3.71,6.39,58.08,02.06,3.13,65.98,1.16,0.77,0.51,0.32,2.32,0.14,1.52,0.19,13.68,0.29,0.00
Buffat #9,Ala,38,26,6,10.32,3.32,5.37,1.63,3.71,3.71,2.50,2.63,2.53,01.04,3.58,1.11,30.88,2.68,05.08,52.85,1.63,2.24,72.94,0.13,1.21,0.48,0.24,2.47,0.10,2.53,0.34,10.11,0.00,0.00
Paulo #7,Ala/Pivô,30,25,92,8.30,4.20,03.07,01.03,05.03,05.03,3.67,1.20,1.60,0.75,4.20,1.40,33.33,1.53,3.37,45.54,01.03,1.73,59.62,0.13,0.73,0.46,0.23,1.80,0.13,1.60,0.27,8.57,0.00,0.00
Novaes #13,Ala/Pivô,35,25,89,8.86,1.71,5.54,1.60,4.63,4.63,2.74,1.43,1.57,0.91,1.86,0.57,30.77,2.77,05.06,54.80,1.60,02.06,77.78,0.17,0.66,0.42,0.23,1.91,0.12,1.57,0.40,10.20,0.00,0.00
Dawkins #14,Armador,32,25,80,10.13,4.50,4.13,1.50,2.28,2.28,1.78,4.31,2.13,02.03,4.88,1.50,30.77,02.06,4.22,48.89,1.50,2.13,70.59,0.00,1.19,0.56,0.03,1.97,0.02,2.13,0.25,9.66,0.09,0.00
Wesley #21,Pivô,36,25,57,12.11,3.92,6.22,1.97,5.83,5.83,4.36,1.39,1.81,0.77,4.11,1.31,31.76,3.11,4.97,62.57,1.97,2.58,76.34,0.69,0.61,0.34,0.42,2.14,0.19,1.81,0.36,13.28,0.14,0.00
Holloway #1,Ala,20,25,47,11.60,1.95,6.50,3.15,6.30,6.30,4.55,1.65,1.90,0.87,2.35,0.65,27.66,3.25,6.65,48.87,3.15,4.25,74.12,0.10,1.15,0.61,0.30,2.75,0.11,1.90,0.20,12.90,0.25,0.00
Piñero #33,Ala/Pivô,23,25,43,7.65,6.00,0.61,01.04,3.30,3.30,2.78,0.96,1.13,0.85,4.78,2.00,41.82,0.30,1.26,24.14,01.04,1.48,70.59,0.00,0.65,0.58,0.00,2.87,0.00,1.13,0.22,7.26,0.00,0.00
Eddy #33,Ala,35,25,23,9.51,5.91,2.69,0.91,3.14,3.14,2.54,1.94,1.14,1.70,5.63,1.97,35.03,1.34,2.37,56.63,0.91,1.23,74.42,0.14,0.71,0.63,0.23,2.40,0.10,1.14,0.17,9.40,0.03,0.00
Martinez #34,Ala/Pivô,27,25,18,9.63,5.11,3.48,01.04,04.04,04.04,3.22,0.85,0.78,1.10,5.48,1.70,31.08,1.74,03.07,56.63,01.04,1.33,77.78,0.07,0.93,1.19,0.04,2.19,0.02,0.78,0.19,9.30,0.00,0.00
Deryk #3,Armador,34,25,10,8.82,02.03,5.71,01.09,2.47,2.47,1.82,02.03,1.53,1.33,2.62,0.68,25.84,2.85,5.62,50.79,01.09,1.47,74.00,0.00,0.91,0.60,0.03,1.76,0.02,1.53,0.09,7.65,0.00,0.00
Campos #2,Armador,30,25,10,7.67,4.00,2.47,1.20,2.77,2.77,2.13,5.10,2.73,1.87,4.43,1.33,30.08,1.23,3.23,38.14,1.20,1.40,85.71,0.00,01.03,0.38,0.03,0.90,0.04,2.73,0.13,8.57,0.07,0.00
G. Basílio #10,Ala,28,24,93,6.43,2.68,2.71,01.04,3.82,3.82,2.93,1.43,1.21,1.18,3.75,0.89,23.81,1.36,2.82,48.10,01.04,1.46,70.73,0.00,0.71,0.59,0.04,2.39,0.01,1.21,0.25,6.46,0.00,0.00
Ronald #6,Pivô,21,24,90,10.76,0.00,8.48,2.29,8.57,8.57,4.38,0.62,2.00,0.31,0.19,0.00,0.00,4.24,8.24,51.45,2.29,3.62,63.16,0.90,0.33,0.17,0.71,3.10,0.23,2.00,0.19,13.48,0.33,0.00
Marquinhos #11,Ala,18,24,86,9.94,3.33,4.11,2.50,3.78,3.78,3.33,2.00,1.50,1.33,3.22,1.11,34.48,02.06,5.11,40.22,2.50,3.22,77.59,0.11,0.78,0.52,0.17,2.33,0.07,1.50,0.06,9.28,0.00,0.00
Victão #10,Ala/Pivô,40,24,81,9.88,3.98,4.90,1.00,05.08,05.08,3.43,1.25,1.20,01.04,3.48,1.33,38.13,2.45,4.70,52.13,1.00,1.20,83.33,0.23,0.60,0.50,0.28,2.15,0.13,1.20,0.23,11.28,0.00,0.00
Vezaro #10,Ala,42,24,80,8.52,6.21,1.71,0.60,3.45,3.45,2.67,1.36,0.45,3.00,4.48,02.07,46.28,0.86,1.45,59.02,0.60,0.64,92.59,0.00,0.76,1.68,0.07,2.52,0.03,0.45,0.05,10.67,0.00,0.00
Mathias #12,Pivô,34,24,73,9.91,1.32,7.24,1.35,7.91,7.91,6.32,0.47,02.09,0.23,1.15,0.44,38.46,3.62,6.56,55.16,1.35,1.88,71.88,0.32,0.38,0.18,01.03,03.09,0.33,02.09,0.38,13.44,0.26,0.00
Matheusinho #2,Armador,32,24,66,10.63,1.88,6.75,2.00,3.84,3.84,3.22,4.28,2.75,1.56,3.59,0.63,17.39,3.38,7.22,46.75,2.00,3.59,55.65,0.00,1.56,0.57,0.09,2.94,0.03,2.75,0.50,9.25,0.03,0.00
Gabriel Jaú #9,Ala/Pivô,39,24,62,12.56,2.85,7.79,1.92,7.10,7.10,4.77,1.97,2.38,0.83,2.23,0.95,42.53,3.90,5.90,66.09,1.92,03.03,63.56,0.51,0.74,0.31,0.54,2.59,0.21,2.38,0.33,16.15,0.21,0.00
Scala #6,Ala/Armador,45,24,59,08.07,5.40,1.51,1.16,2.27,2.27,1.87,2.67,1.22,2.18,3.91,1.80,46.02,0.76,1.36,55.74,1.16,1.29,89.66,0.00,0.42,0.35,0.00,2.89,0.00,1.22,0.20,9.36,0.00,0.00
Magna #20,Ala/Pivô,35,24,46,7.77,03.09,3.43,1.26,3.66,3.66,2.66,1.23,1.34,0.91,3.14,01.03,32.73,1.71,3.23,53.10,1.26,1.86,67.69,0.00,0.71,0.53,0.17,2.60,0.07,1.34,0.23,7.97,0.00,0.00
Veríssimo #11,Ala,35,24,42,9.49,1.20,6.29,2.00,5.46,5.46,3.97,1.74,1.29,1.36,1.71,0.40,23.33,3.14,5.91,53.14,2.00,2.91,68.63,0.00,1.60,1.24,0.14,2.34,0.06,1.29,0.17,12.14,0.09,0.00
D. Nunes #24,Ala/Pivô,27,24,42,8.59,2.11,5.19,1.30,05.04,05.04,3.33,01.07,1.00,01.07,2.37,0.70,29.69,2.59,4.67,55.56,1.30,1.59,81.40,0.15,0.63,0.63,0.52,1.96,0.26,1.00,0.07,10.81,0.07,0.00
Isaac #7,Ala,33,24,28,7.94,5.36,1.52,01.06,2.91,2.91,2.33,1.36,0.91,1.50,4.45,1.79,40.14,0.76,1.64,46.30,01.06,1.45,72.92,0.06,0.48,0.53,0.03,2.30,0.01,0.91,0.12,7.88,0.00,0.00
L. Lacerda #10,Armador,23,23,98,10.04,4.70,3.13,2.22,2.39,2.39,02.04,3.96,1.83,2.17,4.52,1.57,34.62,1.57,3.13,50.00,2.22,2.43,91.07,0.00,0.74,0.40,0.04,1.65,0.03,1.83,0.17,10.61,0.00,0.00
Rodrigues #16,Pivô,39,23,95,8.28,0.00,6.77,1.51,05.05,05.05,3.21,0.44,0.74,0.59,0.05,0.00,0.00,3.38,5.67,59.73,1.51,2.23,67.82,1.23,0.41,0.55,0.51,2.31,0.22,0.74,0.13,10.90,0.05,0.00
Mogi #4,Ala,25,23,86,7.28,02.04,3.92,1.32,4.28,4.28,2.64,1.40,0.92,1.52,3.28,0.68,20.73,1.96,3.64,53.85,1.32,2.16,61.11,0.44,0.60,0.65,0.20,2.20,0.09,0.92,0.28,7.72,0.00,0.00
Crescenzi #2,Ala/Armador,40,23,65,7.63,3.38,3.55,0.70,3.45,3.45,2.38,1.98,1.35,1.46,3.20,1.13,35.16,1.78,3.60,49.31,0.70,0.98,71.79,0.00,0.85,0.63,0.13,1.95,0.06,1.35,0.28,8.50,0.00,0.00
Dikembe #20,Pivô,38,23,65,10.47,0.00,8.58,1.89,7.97,7.97,05.08,1.92,2.18,0.88,0.03,0.00,0.00,4.29,8.32,51.58,1.89,4.21,45.00,0.50,0.58,0.27,0.21,2.71,0.08,2.18,0.21,12.61,0.21,0.00
Fabricio #10,Ala/Pivô,32,23,60,8.78,6.47,1.25,01.06,03.06,03.06,2.66,1.63,0.97,1.68,5.28,2.16,40.83,0.63,1.16,54.05,01.06,1.66,64.15,0.00,0.63,0.65,0.09,02.03,0.05,0.97,0.06,8.97,0.00,0.00
Leal #2,Pivô,28,23,32,11.71,0.00,9.29,2.43,6.71,6.71,4.18,01.07,2.14,0.50,0.04,0.00,0.00,4.64,08.04,57.78,2.43,3.96,61.26,0.93,0.71,0.33,0.57,3.64,0.16,2.14,0.36,13.68,0.18,0.00
Elder #3,Ala/Armador,16,23,19,8.63,2.63,4.75,1.25,3.63,3.63,2.56,1.25,1.38,0.91,3.31,0.88,26.42,2.38,5.31,44.71,1.25,02.06,60.61,0.13,1.13,0.82,0.06,1.38,0.05,1.38,0.19,7.13,0.06,0.00
Silva #14,Ala/Pivô,25,23,15,6.40,1.68,3.68,01.04,6.28,6.28,4.44,1.20,1.24,0.97,2.00,0.56,28.00,1.84,3.44,53.49,01.04,1.60,65.00,0.28,0.72,0.58,0.36,3.20,0.11,1.24,0.04,10.12,0.04,0.00
Adyel #4,Ala/Armador,39,23,14,12.87,04.08,6.21,2.59,3.56,3.56,2.97,3.38,2.33,1.45,06.03,1.36,22.55,3.10,7.85,39.54,2.59,3.33,77.69,0.21,1.90,0.81,0.23,2.51,0.09,2.33,0.18,9.46,0.03,0.00
Cauê Borges #4,Ala,19,23,1,09.05,3.00,3.58,2.47,3.21,3.21,2.74,3.26,1.53,2.14,3.58,1.00,27.94,1.79,3.89,45.95,2.47,2.95,83.93,0.00,0.58,0.38,0.05,1.84,0.03,1.53,0.11,9.47,0.05,0.00
Barnes #34,Armador,34,22,79,12.74,6.97,4.76,1.00,1.15,1.15,0.94,2.41,1.21,2.00,5.71,2.32,40.72,2.38,5.53,43.09,1.00,1.15,87.18,0.00,0.29,0.24,0.00,2.12,0.00,1.21,0.12,8.71,0.00,0.00
Jhonatan #7,Ala,38,22,78,6.89,3.71,2.26,0.92,03.05,03.05,2.21,1.39,0.89,1.56,2.74,1.24,45.19,1.13,1.89,59.72,0.92,1.29,71.43,0.03,0.42,0.47,0.13,2.42,0.05,0.89,0.08,8.37,0.03,0.00
Pierotti #4,Armador,34,22,75,9.00,2.82,3.65,2.53,1.88,1.88,1.41,2.76,01.03,2.69,3.38,0.94,27.83,1.82,04.03,45.26,2.53,3.21,78.90,0.00,0.59,0.57,0.00,1.68,0.00,01.03,0.15,7.88,0.00,0.00
Vildoza #11,Armador,33,22,54,9.24,05.09,2.85,1.30,2.58,2.58,2.42,2.97,1.82,1.63,05.09,1.70,33.33,1.42,3.12,45.63,1.30,1.55,84.31,0.00,0.88,0.48,0.03,1.85,0.02,1.82,0.15,8.55,0.00,0.00
Anderson #32,Ala,40,22,34,6.60,2.33,2.95,1.33,4.55,4.55,3.30,1.00,0.95,01.05,3.13,0.78,24.80,1.48,3.60,40.97,1.33,02.08,63.86,0.05,1.20,1.26,0.13,2.60,0.05,0.95,0.15,7.30,0.03,0.00
Mineiro #12,Ala/Pivô,33,22,34,7.36,3.18,3.15,01.03,4.45,4.45,3.15,1.76,1.12,1.57,2.82,01.06,37.63,1.58,3.33,47.27,01.03,1.55,66.67,0.15,0.58,0.51,0.45,1.33,0.34,1.12,0.15,9.45,0.00,0.00
Rafa #16,Pivô,31,22,9,7.26,2.32,3.68,1.26,3.58,3.58,2.58,1.00,0.94,01.07,1.74,0.77,44.44,1.84,2.94,62.64,1.26,1.55,81.25,0.19,0.97,01.03,0.16,2.84,0.06,0.94,0.13,9.68,0.03,0.00
Deodato #1,Ala,39,22,6,10.15,5.92,3.49,0.74,3.56,3.56,2.92,1.92,1.56,1.23,5.00,1.97,39.49,1.74,2.77,62.96,0.74,1.23,60.42,0.18,0.74,0.48,0.33,1.44,0.23,1.56,0.18,10.62,0.00,0.00
Tiago #13,Pivô,32,21,74,4.16,3.00,0.94,0.22,3.41,3.41,2.53,0.69,0.84,0.81,03.09,1.00,32.32,0.47,1.50,31.25,0.22,0.44,50.00,0.03,0.75,0.89,0.03,1.59,0.02,0.84,0.22,4.84,0.03,0.00
Amardi #7,Pivô,25,21,58,8.44,3.00,4.80,0.64,5.00,5.00,4.20,0.92,1.44,0.64,3.20,1.00,31.25,2.40,4.48,53.57,0.64,1.12,57.14,0.68,1.40,0.97,0.32,2.76,0.12,1.44,0.28,9.88,0.08,0.00
Paulichi #13,Ala/Pivô,30,21,54,7.50,4.10,2.87,0.53,3.00,3.00,1.87,0.90,0.93,0.96,3.50,1.37,39.05,1.43,2.53,56.58,0.53,0.93,57.14,0.17,0.70,0.75,0.33,2.60,0.13,0.93,0.20,7.87,0.00,0.00
Hamilton #6,Ala,34,21,44,9.74,3.79,4.88,01.06,3.88,3.88,2.53,02.06,1.56,1.32,3.32,1.26,38.05,2.44,05.09,47.98,01.06,1.35,78.26,0.00,0.82,0.53,0.12,2.32,0.05,1.56,0.50,10.06,0.00,0.00
Gerson #1,Pivô,29,21,36,8.97,0.00,7.17,1.79,3.52,3.52,2.24,0.34,0.97,0.36,0.07,0.00,0.00,3.59,5.97,60.12,1.79,2.45,73.24,0.59,0.55,0.57,0.21,2.34,0.09,0.97,0.14,9.52,0.00,0.00
Corvalán #7,Armador,34,21,6,9.50,3.97,03.06,2.47,1.85,1.85,1.56,1.62,1.59,01.02,3.65,1.32,36.29,1.53,2.82,54.17,2.47,03.03,81.55,0.09,0.85,0.54,0.03,2.26,0.01,1.59,0.32,08.09,0.00,0.00
Paranhos #24,Pivô,41,20,93,9.88,0.00,8.59,1.29,5.24,5.24,3.68,0.83,1.51,0.55,0.27,0.00,0.00,4.29,7.15,60.07,1.29,2.17,59.55,0.76,0.59,0.39,0.17,2.54,0.07,1.51,0.32,11.20,0.15,0.00
Pecos #14,Armador,35,20,85,8.66,1.63,5.54,1.49,4.54,4.54,3.66,4.29,1.34,3.19,1.69,0.54,32.20,2.77,5.83,47.55,1.49,1.86,80.00,0.00,0.80,0.60,0.06,1.46,0.04,1.34,0.14,12.43,0.00,0.00
Hubner #77,Pivô,30,20,77,7.50,3.20,3.67,0.63,4.63,4.63,3.40,0.73,1.23,0.59,3.43,01.07,31.07,1.83,3.23,56.70,0.63,0.87,73.08,0.13,0.37,0.30,0.10,2.23,0.04,1.23,0.10,8.10,0.03,0.00
Brite #3,Armador,39,20,74,9.13,04.08,3.95,1.10,2.56,2.56,1.77,2.33,1.10,2.12,3.79,1.36,35.81,1.97,4.00,49.36,1.10,1.36,81.13,0.03,1.36,1.23,0.08,2.44,0.03,1.10,0.18,9.64,0.03,0.00
Hettsheimeir #30,Pivô,31,20,63,11.65,4.74,5.10,1.81,4.26,4.26,3.19,0.65,1.10,0.59,4.00,1.58,39.52,2.55,3.90,65.29,1.81,2.35,76.71,0.10,0.48,0.44,0.10,1.65,0.06,1.10,0.42,11.71,0.00,0.00
Morillo #0,Ala/Armador,24,20,53,7.54,3.00,3.33,1.21,3.21,3.21,2.88,2.38,1.54,1.54,3.00,1.00,33.33,1.67,3.71,44.94,1.21,1.54,78.38,0.00,1.00,0.65,0.21,1.63,0.13,1.54,0.25,8.42,0.04,0.00
Michel #24,Ala/Armador,35,20,37,5.43,3.43,1.60,0.40,2.34,2.34,1.63,1.60,1.20,1.33,4.20,1.14,27.21,0.80,1.94,41.18,0.40,0.86,46.67,0.00,1.43,1.19,0.00,02.09,0.00,1.20,0.29,4.94,0.00,0.00
Faggiano #3,Armador,31,20,31,5.61,1.45,3.61,0.55,03.06,03.06,2.52,2.61,1.55,1.69,1.71,0.48,28.30,1.81,3.55,50.91,0.55,0.68,80.95,0.00,0.77,0.50,0.06,1.42,0.05,1.55,0.19,7.48,0.00,0.00
Diego #24,Ala/Pivô,23,19,99,8.22,1.57,3.83,2.83,5.00,5.00,3.70,1.17,1.17,1.00,1.91,0.52,27.27,1.91,3.43,55.70,2.83,3.30,85.53,0.04,01.04,0.89,0.26,3.13,0.08,1.17,0.22,11.13,0.04,0.00
Zach Graham #32,Ala,29,19,92,9.69,3.83,4.14,1.72,1.76,1.76,1.62,1.17,1.55,0.76,3.76,1.28,33.94,02.07,4.21,49.18,1.72,2.31,74.63,0.00,0.38,0.24,0.21,1.28,0.16,1.55,0.31,6.45,0.00,0.00
Doria #7,Pivô,40,19,90,6.00,0.15,4.55,1.30,4.93,4.93,2.78,1.28,1.00,1.28,0.18,0.05,28.57,2.28,4.33,52.60,1.30,1.88,69.33,0.20,0.80,0.80,0.25,2.53,0.10,1.00,0.18,9.50,0.05,0.00
Siewert #23,Pivô,42,19,85,8.74,6.29,1.90,0.55,2.90,2.90,02.07,0.43,0.62,0.69,4.60,2.10,45.60,0.95,1.76,54.05,0.55,0.64,85.19,0.07,0.62,1.00,0.21,2.50,0.09,0.62,0.07,8.88,0.02,0.00
Arthur #4,Ala,14,19,64,6.64,3.21,2.00,1.43,03.07,03.07,2.71,1.36,1.00,1.36,3.21,01.07,33.33,1.00,1.86,53.85,1.43,1.64,86.96,0.00,0.43,0.43,0.00,2.21,0.00,1.00,0.21,7.29,0.00,0.00
Aguirre #7,Armador,37,19,41,5.27,1.86,2.92,0.49,3.11,3.11,2.00,2.95,01.05,2.79,3.46,0.62,17.97,1.46,2.54,57.45,0.49,0.62,78.26,0.00,0.84,0.79,0.03,1.76,0.02,01.05,0.11,07.08,0.03,0.00
Larry #4,Ala/Armador,39,19,38,6.21,3.46,2.31,0.44,1.87,1.87,1.41,1.74,0.64,2.72,3.64,1.15,31.69,1.15,2.54,45.45,0.44,0.64,68.00,0.00,0.67,01.04,0.03,1.28,0.02,0.64,0.05,5.79,0.00,0.00
Jefferson #10,Ala/Pivô,25,19,16,10.40,3.96,4.88,1.56,3.96,3.96,2.80,1.00,1.36,0.74,3.68,1.32,35.87,2.44,5.24,46.56,1.56,02.08,75.00,0.00,0.80,0.59,0.20,1.36,0.15,1.36,0.16,9.32,0.00,0.00
Lupa #18,Pivô,15,18,96,9.20,0.00,6.67,2.53,5.00,5.00,3.13,1.13,1.60,0.71,0.00,0.00,0.00,3.33,6.40,52.08,2.53,3.47,73.08,0.00,0.40,0.25,0.07,2.87,0.02,1.60,0.13,10.20,0.07,0.00
Teichmann #11,Pivô,31,18,86,3.74,0.00,3.48,0.26,4.61,4.61,3.52,3.26,1.74,1.87,0.10,0.00,0.00,1.74,3.26,53.47,0.26,0.74,34.78,0.19,0.94,0.54,0.52,3.16,0.16,1.74,0.06,9.23,0.00,0.00
Martinez #25,Ala/Armador,28,18,75,6.71,4.82,1.00,0.89,3.32,3.32,2.61,1.50,0.71,2.10,4.36,1.61,36.89,0.50,1.18,42.42,0.89,1.14,78.13,0.00,0.71,1.00,0.14,1.71,0.08,0.71,0.00,8.00,0.00,0.00
Cauê #8,Armador,37,18,58,4.65,2.11,2.00,0.54,3.24,3.24,2.70,2.54,0.84,03.03,2.14,0.70,32.91,1.00,2.41,41.57,0.54,0.68,80.00,0.00,0.84,1.00,0.08,2.43,0.03,0.84,0.14,7.54,0.00,0.00
Smith #0,Ala/Armador,28,18,18,9.46,3.32,4.86,1.29,2.11,2.11,0.96,1.32,0.86,1.54,2.54,1.11,43.66,2.43,4.96,48.92,1.29,1.61,80.00,0.07,0.61,0.71,0.00,2.18,0.00,0.86,0.11,8.36,0.00,0.00
Betinho #26,Ala,43,17,86,7.95,2.86,3.49,1.60,2.81,2.81,2.19,1.16,1.00,1.16,2.42,0.95,39.42,1.74,3.53,49.34,1.60,2.19,73.40,0.00,0.79,0.79,0.07,1.91,0.04,1.00,0.05,7.95,0.00,0.00
Márcio #3,Ala/Pivô,47,17,81,08.02,0.83,5.11,02.09,4.11,4.11,2.89,0.68,1.23,0.55,1.17,0.28,23.64,2.55,4.28,59.70,02.09,2.87,72.59,0.38,#N/A,#N/A,#N/A,#N/A,#N/A,#N/A,#N/A,#N/A,#N/A,#N/A
Coelho #10,Armador,43,17,68,7.91,2.51,3.35,02.05,2.23,2.23,1.42,2.23,0.93,2.40,2.91,0.84,28.80,1.67,2.70,62.07,02.05,2.74,74.58,0.02,0.65,0.70,0.05,2.63,0.02,0.93,0.14,8.35,0.00,0.00
Ansaloni #22,Pivô,43,17,65,8.16,2.16,4.79,1.21,4.60,4.60,3.60,0.56,0.95,0.59,1.91,0.72,37.80,2.40,3.93,60.95,1.21,1.53,78.79,0.09,0.28,0.29,0.14,2.40,0.06,0.95,0.19,9.74,0.02,0.00
Sena #21,Pivô,27,17,10,8.22,0.33,6.59,1.30,03.07,03.07,2.30,0.78,1.15,0.68,0.89,0.11,12.50,3.30,6.93,47.59,1.30,2.22,58.33,0.56,0.11,0.10,0.33,2.81,0.12,1.15,0.19,06.04,0.00,0.00